COMMODITY_DESC,encarecido,normal,rebajado,efecto_rebaja_pct,n_total,n_rebajado
CORN,4.593543046357616,2.2253521126760565,5.548233695652174,149.31936227297743,2751,1472
NO COMMODITY DESCRIPTION,1.9224489795918367,1.1739441660701504,2.3291770573566084,98.40611884921839,2288,401
INFANT FORMULA,2.9450549450549453,1.886584289496911,3.606986899563319,91.19139916749661,2859,229
KITCHEN GADGETS,1.371212121212121,1.106907894736842,1.6137931034482758,45.792898498744684,2233,145
SOUP,1.9114156777536353,1.6710143008474576,2.400060569351908,43.62896643880987,46097,9906
CHRISTMAS  SEASONAL,1.5915841584158417,1.49703331811958,2.1330798479087454,42.48713252341649,2858,263
GREETING CARDS/WRAP/PARTY SPLY,1.2903225806451613,1.1495472186287192,1.62,40.92505064145848,11707,50
PLASTIC HOUSEWARES,1.5,1.256896551724138,1.732360097323601,37.8283753700533,2583,411
SWEET GOODS & SNACKS,1.2345679012345678,1.1550836550836552,1.5342465753424657,32.82558095165411,1708,73
DOMESTIC GOODS,1.5932203389830508,1.3944223107569722,1.830188679245283,31.25067385444744,844,106
PAPER TOWELS,1.4223076923076923,1.2750174947515744,1.666574661882418,30.709944666848266,10639,3623
DRY SAUCES/GRAVY,1.6988950276243093,1.5510428100987925,2.0,28.945506015569713,8195,1643
DOG FOODS,1.9663110612015722,1.5094580480445632,1.9398809523809524,28.5150624022962,12078,1680
BATH TISSUES,1.3912195121951219,1.1137450834484959,1.409249902837155,26.532536374812608,14030,2573
APPAREL,1.3008849557522124,1.2079510703363914,1.5245901639344261,26.212907242166427,501,61
FRZN JCE CONC/DRNKS,1.9427860696517414,1.630195599022005,2.0440414507772022,25.38626972146616,2810,772
CITRUS,2.2434340581756564,2.004380475594493,2.5109020949123555,25.270732053385725,11415,4678
STATIONERY & SCHOOL SUPPLIES,1.4609595484477893,1.2846314193670647,1.587719298245614,23.593372722261474,6796,456
CANDLES/ACCESSORIES,1.501779359430605,1.4377797672336616,1.768421052631579,22.99665727207183,1588,190
SPRING/SUMMER SEASONAL,1.2583892617449663,1.228737113402062,1.5038167938931297,22.3871874211923,2112,262
PREPARED/PKGD FOODS,1.4158415841584158,1.293833131801693,1.5714285714285714,21.455273698264342,991,63
CHARCOAL AND LIGHTER FLUID,1.3825301204819278,1.091993185689949,1.3089005235602094,19.863433280786722,2284,191
DELI SUPPLIES,1.0765027322404372,1.0666666666666667,1.2666666666666666,18.75,573,345
HISPANIC,1.2651552488910793,1.3003443708609272,1.5159487010851693,16.580556278449187,23945,3041
COCOA MIXES,1.1320973348783314,1.1258127438231469,1.3060109289617485,16.00605306053533,4305,366
WAREHOUSE SNACKS,1.2544378698224852,1.1710067426179958,1.357429718875502,15.919889226318574,9020,249
CAT FOOD,2.0232945091514143,1.7186654643823265,1.990729736154029,15.829972581050278,16177,4207
FITNESS&DIET,2.090909090909091,1.9375238095238094,2.2427184466019416,15.75178769819303,3018,206
ISOTONIC DRINKS,1.4866573033707866,1.3561290322580646,1.5620658411356085,15.185635288306054,10160,3311
MARGARINES,1.2609832635983265,1.1548907695335564,1.3191397849462365,14.222038979410833,14399,2325
FLORAL-FRESH CUT,1.1448412698412698,1.268181818181818,1.4474576271186441,14.136443715448642,2414,590
AIR CARE,1.3370098039215685,1.2112380508276988,1.3569739952718676,12.03198201580442,5528,423
BATH,1.0864197530864197,1.061381074168798,1.1864406779661016,11.78272411680621,1313,59
BUTTER,1.2234113712374581,1.1605026929982047,1.2852233676975946,10.747124970228983,5153,873
TEAS,1.0883190883190883,1.0700412007062978,1.183206106870229,10.575752231711721,4011,262
SINUS AND ALLERGY,1.0458715596330275,1.067100977198697,1.1779661016949152,10.3893752198837,1762,118
ELECTRICAL SUPPPLIES,1.3076923076923077,1.2369534555712272,1.3582089552238805,9.802753620721916,3260,268
SEAFOOD - SHELF STABLE,2.6236462093862816,2.388727217031705,2.619865571321882,9.676213869970285,8976,1339
FRZN FRUITS,1.3361344537815125,1.1885714285714286,1.2996575342465753,9.34618677555321,1410,584
VEGETABLES - SHELF STABLE,2.0012132524498365,1.781305114638448,1.9462166743720142,9.257906373161596,41585,6489
FROZEN PIZZA,1.4955280087870704,1.5213039309683605,1.6621172998893396,9.25609709240327,43292,10844
TICKETS,1.4324324324324325,1.1736111111111112,1.2804878048780488,9.10665319670947,715,246
LIQUOR,1.0791139240506329,1.0859010270774976,1.1842105263157894,9.053265149115264,2686,228
NON-DAIRY BEVERAGES,1.4444444444444444,1.5213483146067415,1.6571428571428573,8.925933741295644,623,70
BOOKSTORE,1.0135135135135136,1.037405026300409,1.1285714285714286,8.787927565392351,1855,70
HOUSEHOLD CLEANG NEEDS,1.1533586818757922,1.1169972948602345,1.2130718954248365,8.601148902211397,10426,765
PEPPERS-ALL,1.3012226750648388,1.335707925200356,1.4504301515772224,8.588870681414718,9827,4882
BABY FOODS,1.5442368699330278,1.5133450652588356,1.6381322957198443,8.24578830867404,20330,3855
DINNER MXS:DRY,1.6715462031107045,1.5015788496068354,1.6166174609869253,7.661176861289087,19615,2371
REFRIGERATED,1.396280400572246,1.3120170968272233,1.4123595505617978,7.647953214727687,7672,890
BAKING NEEDS,1.2757390417940877,1.205790519443656,1.2940298507462686,7.317965258453496,14541,2010
PORK,1.2368312757201647,1.2575250836120402,1.344797332865415,6.9400006720103935,14147,5699
CARROTS,1.076808721506442,1.0469196246430028,1.1188290746712974,6.868669603248256,8500,4031
SUGARS/SWEETNERS,1.1147986942328618,1.1023161109697124,1.1774408087257249,6.815168263296534,11364,3759
HEAT/SERVE,1.1944444444444444,1.1951097804391217,1.273972602739726,6.598793147825099,6339,219
PET CARE SUPPLIES,1.0539568345323742,1.1151560178306092,1.1845238095238095,6.220456203800628,3138,168
DRY NOODLES/PASTA,1.3674280039721947,1.256220529561117,1.3338601343342553,6.180412033248883,17323,2531
CAT LITTER,1.1263440860215055,1.1169811320754717,1.1844262295081966,6.0381590607000435,3266,244
CHEESE,1.3782564565241908,1.2582095816760939,1.3341308317068563,6.034070248425993,74783,15883
BEERS/ALES,1.1448669201520913,1.0997595157144042,1.1652061019149627,5.9509906725421,17770,3081
SOFT DRINKS,1.4552681388012618,1.3625797161077968,1.4432109308283518,5.917541099971579,117209,2342
PROCESSED,1.2228915662650603,1.0966884709730171,1.1608695652173913,5.852263057660356,5288,230
HAIR CARE PRODUCTS,1.0674333507579719,1.063063063063063,1.1250836120401337,5.834136386826128,12066,1495
HARDWARE SUPPLIES,1.236842105263158,1.2277730736663843,1.2989690721649485,5.798791325986508,1354,97
PICKLE/RELISH/PKLD VEG,1.0523012552301256,1.0710227272727273,1.1302521008403361,5.5301696275326995,7062,952
VALENTINE,1.1111111111111112,1.1717557251908397,1.2352941176470589,5.42249473079135,620,51
FROZEN,1.2413793103448276,1.244283536585366,1.3114754098360655,5.400045188662661,2743,61
PASTA SAUCE,1.342311459353575,1.2790974961019903,1.3467898832684826,5.292199177371759,15001,2056
CONDIMENTS/SAUCES,1.1348218119364535,1.1357621303708545,1.1945750452079567,5.178277498819073,23457,2765
HALLOWEEN,1.2195121951219512,1.2348284960422165,1.2982456140350878,5.135702504123563,897,57
CANDY - PACKAGED,1.33348697856649,1.3017740498812351,1.3685981308411215,5.133308730957031,33958,2675
CAKES,1.07035175879397,1.0834841628959275,1.1375921375921376,4.9938869943046305,5026,407
MOLASSES/SYRUP/PANCAKE MIXS,1.1240875912408759,1.0740982181660148,1.127659574468085,4.9866348715785325,5436,423
BREAKFAST SAUSAGE/SANDWICHES,1.5908045977011493,1.321013817072137,1.381558028616852,4.583162625725112,12861,629
SHAVING CARE PRODUCTS,1.104089219330855,1.0587544065804935,1.1059190031152648,4.454724933528342,3994,321
SQUASH,1.0204819277108435,1.0055555555555555,1.0467219291635268,4.093893507975044,2337,1327
FACIAL TISS/DNR NAPKIN,1.3018398806563898,1.3356576100024045,1.3890258939580764,3.9956560390934204,7792,1622
LAUNDRY ADDITIVES,1.0209580838323353,1.0402810304449648,1.0817438692098094,3.9857343882459872,4971,367
CANDY - CHECKLANE,1.5601783060921248,1.6288663160988992,1.6930841121495328,3.9424841324261495,35311,2675
AUTOMOTIVE PRODUCTS,1.22,1.1607445008460238,1.205128205128205,3.8237272931150423,1064,273
GARDEN CENTER,1.9808612440191387,1.9272727272727272,2.0,3.7735849056603765,612,128
PNT BTR/JELLY/JAMS,1.1900874635568512,1.0823565076798707,1.1226765799256506,3.725211791095484,12956,1345
POPCORN,1.244047619047619,1.209113300492611,1.2535211267605635,3.6727597198591866,4441,213
FROZEN MEAT,1.1644144144144144,1.2382698738000215,1.2816901408450705,3.506526966678125,10141,426
BABY HBC,1.1557632398753894,1.1051413881748071,1.14321608040201,3.4452326765252117,4609,398
ICE CREAM/MILK/SHERBTS,1.0526315789473684,1.1021485252283276,1.1394052044609666,3.380368287923874,27558,538
REFRGRATD JUICES/DRNKS,1.1903695408734603,1.1917742706838834,1.231631863882444,3.344391146797343,31440,5172
FD WRAPS/BAGS/TRSH BG,1.0564516129032258,1.096656665237891,1.1327623126338329,3.292338298797426,14118,2802
SALD DRSNG/SNDWCH SPRD,1.1197137280416396,1.080552970889273,1.115311510031679,3.2167362525319376,21318,4735
BAKED BREAD/BUNS/ROLLS,1.2250735097567496,1.187709022702741,1.2241408934707905,3.067407089755503,83117,11640
HAND/BODY/FACIAL PRODUCTS,1.0285714285714285,1.0595325054784515,1.0912162162162162,2.9903481558083422,3419,296
BLEACH,1.1492890995260663,1.0742173760112557,1.1058394160583942,2.9437282204981985,3813,548
MAKEUP AND TREATMENT,1.0400943396226414,1.04045683313976,1.0708955223880596,2.9255119750086767,5858,268
FLOUR & MEALS,1.0611353711790392,1.0538833147528799,1.0831353919239906,2.77564667374679,3341,421
REFRGRATD DOUGH PRODUCTS,1.268996117581808,1.3307471072169086,1.3653492647058822,2.6002053509129652,18930,2176
DRY BN/VEG/POTATO/RICE,1.246796196775527,1.3251994680851065,1.357793251205142,2.459537896369146,21193,3734
CHICKEN/POULTRY,1.0782122905027933,1.1012987012987012,1.1272015655577299,2.352028948048601,6259,511
FIRST AID PRODUCTS,1.0728476821192052,1.0720382383065892,1.0970149253731343,2.329831733054477,3214,134
LAUNDRY DETERGENTS,1.063170441001192,1.0571831427228575,1.081164807930607,2.268449452001575,8836,1614
IMPORTED WINE,1.093833780160858,1.1402135231316726,1.165165165165165,2.1883306527501256,2111,333
CHICKEN,1.4201624937821258,1.4817654759678325,1.5128779395296752,2.0996887878981907,17629,6251
IN-STORE PHOTOFINISHING,1.22265625,1.38135593220339,1.4103194103194103,2.0967425875401347,899,407
MEAT - SHELF STABLE,1.9246275197195442,1.8272145076406061,1.8652230726152697,2.0801369962710092,23410,5357
BROOMS AND MOPS,1.1976470588235295,1.1083929243507715,1.130977130977131,2.0375632260182464,3563,481
SNKS/CKYS/CRKR/CNDY,1.4076923076923078,1.4455917394757745,1.4726027397260273,1.8685082041246304,1535,146
CANNED JUICES,1.2582716049382716,1.2107542606445807,1.2331211953514112,1.8473554406426507,29057,7228
INFANT CARE PRODUCTS,1.1111111111111112,1.0676100628930818,1.0862068965517242,1.741912548880209,1420,58
PREPARED FOOD,1.1875409836065574,1.1629515757109916,1.1799324650265317,1.4601544613032091,4899,2073
SEAFOOD - MISC,1.0681818181818181,1.0901563937442502,1.1058823529411765,1.4425415735914715,1216,85
DINNER SAUSAGE,1.5471854304635762,1.3242051282051281,1.3408820023837902,1.2593875241418528,11797,839
TOYS AND GAMES,1.2906976744186047,1.2554517133956387,1.2708333333333333,1.2251861042183565,2328,144
MISC WINE,1.0870967741935484,1.1254612546125462,1.1387096774193548,1.1771549444738127,1433,310
MUSHROOMS,1.0851581508515815,1.1304643261608154,1.1428571428571428,1.0962589804505152,4952,126
BEANS - CANNED GLASS & MW,1.64987012987013,1.7214827536854158,1.7371281464530892,0.9088323849994584,12408,3496
NUTS,1.1367521367521367,1.1174418604651162,1.127388535031847,0.8901290455139099,1994,157
EGGS,1.2359249329758712,1.1981424148606812,1.2073153899240856,0.7655997275141102,28394,7245
HOT CEREAL,1.1239092495636998,1.1128133704735377,1.1207502930832356,0.7132303421480746,6452,853
FRZN VEGETABLE/VEG DSH,1.4888698630136987,1.4062681369704004,1.4160493827160494,0.6955462822844982,22551,2430
TOBACCO OTHER,1.0442477876106195,1.2130257801899593,1.2210526315789474,0.6617214176380504,945,95
BAKED SWEET GOODS,1.125418060200669,1.1353396463008605,1.1419558359621451,0.5827498126081743,27702,1585
CRACKERS/MISC BKD FD,1.125,1.1103405690400419,1.11660777385159,0.5644398652358218,29690,4245
PAPER HOUSEWARES,1.1425356339084771,1.1638367967562089,1.1702721563154221,0.5529434691487367,10658,1433
CHIPS&SNACKS,1.0798722044728435,1.1039823008849559,1.110062893081761,0.5507871088088034,1987,318
ORAL HYGIENE PRODUCTS,1.1485335856196783,1.1658291457286432,1.171773444753946,0.5098773732910677,10293,1077
SNACK NUTS,1.1355932203389831,1.186115506329114,1.191860465116279,0.48435070248300516,5346,172
BROCCOLI/CAULIFLOWER,1.1627565982404693,1.146938775510204,1.151685393258427,0.41385101363509147,4984,1958
NEWSPAPER,1.0123655913978495,1.0103259115843821,1.014354066985646,0.3986986134946191,5377,418
STONE FRUIT,1.01396090945353,1.0129870129870129,1.0163265306122449,0.3296703296703285,6553,3430
FEMININE HYGIENE,1.0776495278069256,1.0628148148148149,1.065613608748481,0.2633378736025538,5151,823
MISC. DAIRY,1.150105708245243,1.1669527896995708,1.17,0.26112541375504783,8936,1000
CONVENIENT BRKFST/WHLSM SNACKS,1.1538028169014085,1.1521984216459977,1.1549950215731828,0.24271860424787128,22528,3013
DIAPERS & DISPOSABLES,1.0,1.0606251311097126,1.0625,0.17677017405064444,4983,176
DOMESTIC WINE,1.1396984924623115,1.192390139335477,1.194471865745311,0.17458433621349023,5740,1013
SALAD MIX,1.173529411764706,1.1954254115872816,1.1972477064220184,0.1524390243902607,17030,436
COLD CEREAL,1.0861842105263158,1.093497031840259,1.0947339091668988,0.11311208815611984,37797,3589
PEARS,1.0077519379844961,1.0057471264367817,1.0064695009242144,0.07182466332187332,2030,1082
DEODORANTS,1.1441717791411044,1.114042319318494,1.1140235910878113,-0.0016811058572874238,5054,763
SPICES & EXTRACTS,1.0881801125703565,1.0900469570021176,1.0880316518298714,-0.18488241807387285,12938,1011
DIETARY AID PRODUCTS,1.3275862068965518,1.4524495677233429,1.448,-0.30634920634921015,2381,125
BEEF,1.2786109985137144,1.3813264738598443,1.3760090493084478,-0.3849506001675329,48635,19449
DRY MIX DESSERTS,1.4195121951219511,1.4758231161316986,1.469847581179589,-0.4048950641030835,9383,1509
COLD AND FLU,1.1340341655716164,1.0995409015025042,1.0932203389830508,-0.5748365077475892,6143,590
TROPICAL FRUIT,1.1649368071736215,1.160146173688736,1.1515151515151516,-0.7439598879287468,34391,15576
SNACKS,1.1666666666666667,1.1494252873563218,1.1408450704225352,-0.7464788732394312,1424,71
FROZEN BREAD/DOUGH,1.1938610662358642,1.1925504078805602,1.1820480404551201,-0.8806644445416123,7907,791
DISHWASH DETERGENTS,1.0406189555125724,1.0468833244539157,1.0374692874692875,-0.8992441435189513,6933,1628
SYRUPS/TOPPINGS,1.058139534883721,1.0550755939524838,1.0454545454545454,-0.9118823857820924,1338,154
WATER,1.2083333333333333,1.6218323586744638,1.6056338028169015,-0.9987811484290288,2290,142
FROZEN PIE/DESSERTS,1.3614864864864864,1.237680128091087,1.2246278755074425,-1.0545739797709563,7544,739
PIES,1.041237113402062,1.04043987229514,1.025,-1.4839754517558812,2996,80
FRZN BREAKFAST FOODS,1.2068141063956963,1.2156735751295338,1.1972511144130757,-1.5154117925525457,10541,2692
GRAPES,1.0254561838251859,1.0362903225806452,1.0204814189189189,-1.5255284467346808,10663,4736
FRZN NOVELTIES/WTR ICE,1.1471264367816092,1.1524195885250652,1.1331689272503083,-1.6704559230371174,14091,2433
POTATOES,1.1030277544154752,1.2530949105914717,1.2316973748573292,-1.7075750251066557,16175,6133
VEGETABLES SALAD,1.0904411764705881,1.1036375239310785,1.0844547563805105,-1.7381402076870667,11350,2155
BATTERIES,1.1140684410646389,1.1455761316872428,1.125,-1.7961383026493083,2583,376
COOKIES/CONES,1.0995475113122173,1.134566578309176,1.1141744081510339,-1.7973533283989651,22615,3337
DRIED FRUIT,1.0935960591133005,1.139349701393497,1.11864406779661,-1.817320316278892,3453,236
SANDWICHES,1.1153846153846154,1.309823677581864,1.2857142857142858,-1.840659340659323,1031,133
SEAFOOD - FROZEN,1.1677943166441136,1.2739977413890458,1.25,-1.8836565096952973,8759,936
SALADS/DIPS,1.1019462465245597,1.0904950495049506,1.0698151950718686,-1.8963730685865987,7590,1461
UNKNOWN,1.1542857142857144,1.237057220708447,1.2127659574468086,-1.963632955291028,1093,376
SOAP - LIQUID & BAR,1.11837048424289,1.1471615720524018,1.1215900233826968,-2.229114825033285,7164,1283
COOKIES,1.1370558375634519,1.1919342793129202,1.164835164835165,-2.273540995345502,4396,182
CIGARETTES,1.3299129353233832,1.4000610780271798,1.3677003624647603,-2.311378844130063,12248,2483
MILK BY-PRODUCTS,1.1536398467432951,1.161294465134198,1.1343562098279079,-2.3196748210779883,23007,4823
LUNCHMEAT,1.236842105263158,1.3229628747506623,1.2920245398773007,-2.338564102125129,34784,815
SHORTENING/OIL,1.029440628066732,1.0841547741650728,1.057742782152231,-2.4361827888626175,8959,1143
EYE AND EAR CARE PRODUCTS,1.0,1.047713717693837,1.0217391304347827,-2.4791683854467284,1213,92
ORGANICS FRUIT & VEGETABLES,1.093441671503192,1.1174698795180722,1.0897435897435896,-2.4811666321100323,6427,1716
HOT DOGS,1.2884615384615385,1.5557294383585463,1.5064102564102564,-3.170164472835757,11710,156
COFFEE,1.0752380952380953,1.1197431491362937,1.0837060702875398,-3.2183343900385353,13672,1565
MEAT - MISC,1.1605206073752712,1.2065425023877745,1.1634782608695653,-3.569227062700575,9412,575
SMOKED MEATS,1.0968443960826986,1.1354748603351956,1.0927936821322803,-3.758883590810247,4080,1013
VITAMINS,1.2873563218390804,1.258093935248518,1.2077922077922079,-3.9982489420691714,2357,77
FLUID MILK PRODUCTS,1.455240922585065,1.3428461980463513,1.286906229259505,-4.165776309173075,85494,10547
CEREAL/BREAKFAST,1.0861538461538462,1.1024355300859598,1.0564971751412429,-4.166987881924944,1898,177
CHEESES,1.0406340057636887,1.0612550867423431,1.0162303664921466,-4.242591702283905,13869,5730
ANTACIDS,1.0789473684210527,1.185209003215434,1.1341463414634145,-4.308325503222488,1871,164
CANNED MILK,1.5798319327731092,1.6793002915451896,1.6055045871559632,-4.3944317023445585,1943,109
OLIVES,1.1200631911532386,1.2163742690058479,1.1629116117850953,-4.39524730035995,2920,577
TOMATOES,1.0449203942380592,1.1011709601873536,1.0418960976777591,-5.3828937242868635,15765,8354
FRUIT - SHELF STABLE,1.5445942748994559,1.4380605176813708,1.359541130386122,-5.460089219461217,21516,3574
VALUE ADDED FRUIT,1.054054054054054,1.1411925976696367,1.0755116443189838,-5.755466122438591,6809,2834
HERBS,1.0055096418732783,1.0869314910765688,1.0235294117647058,-5.83312562313062,3653,1190
MELONS,1.1246426529445397,1.2091152815013404,1.1369089625970359,-5.97183080960213,4658,1417
BAG SNACKS,1.129329094863644,1.2230589212244745,1.1492092299714805,-6.038113942953693,66677,7714
BREAD,1.0649819494584838,1.1834399606299213,1.108187134502924,-6.358820779293428,8747,342
FRZN POTATOES,1.180094786729858,1.180358111774281,1.103225806451613,-6.534652878076541,9581,155
DELI MEATS,1.0552053486150907,1.0913440626359288,1.01682769726248,-6.82794436004619,25189,12420
VEGETABLES - ALL OTHERS,1.2024200776815057,1.3446930815027716,1.251039260969977,-6.9646986231334695,20225,8660
BACON,1.2628205128205128,1.3954914337240758,1.28,-8.276040320496259,11446,200
APPLES,1.0541988003427591,1.3546571136131014,1.23703962297085,-8.682454730448018,14305,5729
VALUE ADDED VEGETABLES,1.1357615894039734,1.2309048178613395,1.1218637992831542,-8.858606855373342,2283,279
ROSES,1.08,1.1514285714285715,1.0459770114942528,-9.15832406377457,512,87
FRZN MEAT/MEAT DINNERS,1.3301804168856193,1.4430107044276386,1.3107255520504733,-9.167302222448548,55976,5706
BAKING MIXES,1.2949771689497718,1.3775630450153193,1.243516335466487,-9.730713235512322,17888,2969
SEAFOOD-FRESH,1.0498046875,1.262011531069827,1.135656502800249,-10.012192849178236,4192,1607
JUICE,1.1166666666666667,1.375796178343949,1.2276422764227641,-10.768593797049085,1125,123
BERRIES,1.2527412280701755,1.4125999673575975,1.2564589665653496,-11.053447855044517,10583,2632
YOGURT,1.6407766990291262,1.662113813276604,1.4661016949152543,-11.792942023322794,44664,826
INSECTICIDES,1.1333333333333333,1.2595238095238095,1.1088082901554404,-11.96607148104254,778,193
TURKEY,1.1586345381526104,1.3690112130479104,1.1987829614604462,-12.434394252219095,2953,493
ANALGESICS,1.0296610169491525,1.2028276237085374,1.0331491712707181,-14.106630833325017,4693,543
SALAD BAR,1.1130185979971388,1.2716593245227605,1.0908499566348655,-14.218381008274427,9469,4612
LAXATIVES,1.105263157894737,1.268421052631579,1.0853658536585367,-14.431737678372624,1469,82
PWDR/CRYSTL DRNK MX,2.0275482093663912,2.1623167959871465,1.8410689170182841,-14.856651882140405,14559,711
WATER - CARBONATED/FLVRD DRINK,1.2976704055220016,1.4455820402069002,1.187808896210873,-17.8317893295861,21126,1214
ROLLS,1.240343347639485,1.4989268292682927,1.226890756302521,-18.148722649695127,5477,119
BREAKFAST SWEETS,1.1321695760598505,1.7294132620593101,1.3297872340425532,-23.10760746340639,8728,470
ONIONS,1.0668491900524755,1.3687761749651,1.0245406338636083,-25.149147639881207,16790,8109
